buld_nm,승강기번호,주소,고장,고장일자,sido,sigungu,buld_nm
한양아트빌,122-01915,서울특별시 은평구 증산로 395-16 (신사동),Y,2012.1.6,서울특별시,은평구,증산로
하늘애아파트 2차,122-02409,서울특별시 은평구 진흥로 37-1 (역촌동),Y,2013.10.10,서울특별시,은평구,진흥로
이지빌,122-02000,서울특별시 은평구 서오릉로 149-22 (구산동),Y,2011.4.13,서울특별시,은평구,서오릉로
이지빌,122-02000,서울특별시 은평구 서오릉로 149-22 (구산동),Y,2011.4.8,서울특별시,은평구,서오릉로
이지빌,122-02000,서울특별시 은평구 서오릉로 149-22 (구산동),Y,2010.9.9,서울특별시,은평구,서오릉로
이지빌,122-02000,서울특별시 은평구 서오릉로 149-22 (구산동),Y,2012.3.21,서울특별시,은평구,서오릉로
이지빌,122-02000,서울특별시 은평구 서오릉로 149-22 (구산동),Y,2011.12.12,서울특별시,은평구,서오릉로
트라움궁,122-03879,서울특별시 은평구 통일로71길 4 (대조동),Y,2012.8.6,서울특별시,은평구,통일로71길
아그네스 풍림아이원,122-02675,서울특별시 은평구 진흥로1길 28 (역촌동),Y,2014.6.18,서울특별시,은평구,진흥로1길
아그네스 풍림아이원,122-02675,서울특별시 은평구 진흥로1길 28 (역촌동),Y,2013.6.29,서울특별시,은평구,진흥로1길
해태드림타운아파트,122-00341,서울특별시 은평구 은평로 82 (응암동),Y,2012.8.3,서울특별시,은평구,은평로
해태드림타운아파트,122-00341,서울특별시 은평구 은평로 82 (응암동),Y,2012.7.28,서울특별시,은평구,은평로
범서기업(주)범서쇼핑,122-00419,서울특별시 은평구 통일로 842 (불광동),Y,2014.6.20,서울특별시,은평구,통일로
서울병원,122-00901,서울특별시 은평구 진흥로 191 (대조동),Y,2011.11.7,서울특별시,은평구,진흥로
보성빌딩,122-02073,서울특별시 은평구 연서로 209 (갈현동),Y,2014.9.16,서울특별시,은평구,연서로
보성빌딩,122-02073,서울특별시 은평구 연서로 209 (갈현동),Y,2012.6.22,서울특별시,은평구,연서로
보성빌딩,122-02073,서울특별시 은평구 연서로 209 (갈현동),Y,2011.10.5,서울특별시,은평구,연서로
백명파크맨숀,122-00322,서울특별시 은평구 통일로53길 9 (녹번동),Y,2013.7.20,서울특별시,은평구,통일로53길
경향파크아파트,122-00100,서울특별시 은평구 갈현로15길 53 (구산동),Y,2016.1.22,서울특별시,은평구,갈현로15길
경향파크아파트,122-00101,서울특별시 은평구 갈현로15길 53 (구산동),Y,2016.6.17,서울특별시,은평구,갈현로15길
경향파크아파트,122-00098,서울특별시 은평구 갈현로15길 53 (구산동),Y,2011.12.20,서울특별시,은평구,갈현로15길
경향파크아파트,122-00099,서울특별시 은평구 갈현로15길 53 (구산동),Y,2008.4.9,서울특별시,은평구,갈현로15길
정원시티빌,122-01188,서울특별시 은평구 갈현로1길 16-1 (신사동),Y,2014.8.18,서울특별시,은평구,갈현로1길
북한산힐스테이트7차(분양),122-03299,서울특별시 은평구 통일로 796 (불광동，북한산 힐스테이트 7차),Y,2014.8.25,서울특별시,은평구,통일로
북한산힐스테이트7차(분양),122-03363,서울특별시 은평구 통일로 796 (불광동，북한산 힐스테이트 7차),Y,2011.8.13,서울특별시,은평구,통일로
동익파크2차아파트,122-00148,"서울특별시 은평구 서오릉로23길 9-8 (구산동, 동익파크아파트)",Y,2013.4.20,서울특별시,은평구,서오릉로23길
영진빌딩,122-00161,서울특별시 은평구 연서로 137 (구산동),Y,2011.2.16,서울특별시,은평구,연서로
로얄빌딩,122-00381,서울특별시 은평구 통일로 863-13 (갈현동),Y,2016.8.6,서울특별시,은평구,통일로
로얄빌딩,122-00381,서울특별시 은평구 통일로 863-13 (갈현동),Y,2016.7.4,서울특별시,은평구,통일로
로얄빌딩,122-00381,서울특별시 은평구 통일로 863-13 (갈현동),Y,2014.9.5,서울특별시,은평구,통일로
로얄빌딩,122-00381,서울특별시 은평구 통일로 863-13 (갈현동),Y,2010.9.27,서울특별시,은평구,통일로
서부병원,122-01731,서울특별시 은평구 은평로 133 (응암동),Y,2014.6.2,서울특별시,은평구,은평로
경진빌딩,122-03280,서울특별시 은평구 은평로11길 11-2 (녹번동),Y,2010.9.30,서울특별시,은평구,은평로11길
수색동새마을금고,122-01111,서울특별시 은평구 증산서길 103 (증산동),Y,2013.1.8,서울특별시,은평구,증산서길
(주)녹번해명,122-00138,서울특별시 은평구 은평로13길 12-1 해명빌딩 (녹번동),Y,2013.3.29,서울특별시,은평구,은평로13길
(주)녹번해명,122-00138,서울특별시 은평구 은평로13길 12-1 해명빌딩 (녹번동),Y,2011.4.5,서울특별시,은평구,은평로13길
(주)녹번해명,122-00138,서울특별시 은평구 은평로13길 12-1 해명빌딩 (녹번동),Y,2013.1.18,서울특별시,은평구,은평로13길
(주)녹번해명,122-00138,서울특별시 은평구 은평로13길 12-1 해명빌딩 (녹번동),Y,2012.3.27,서울특별시,은평구,은평로13길
제일프라자,122-01315,서울특별시 은평구 갈현로 82 (역촌동),Y,2011.8.22,서울특별시,은평구,갈현로
보성리엔빌,122-02501,서울특별시 은평구 진흥로9길 3-7 (역촌동),Y,2010.7.14,서울특별시,은평구,진흥로9길
하나님의교회,122-03272,서울특별시 은평구 진관1로 77-11 (진관동),Y,2014.9.21,서울특별시,은평구,진관1로
은평뉴타운 제각말 5-2관리소,122-02681,서울특별시 은평구 연서로48길 11 (진관동),Y,2014.9.16,서울특별시,은평구,연서로48길
뉴아름빌,122-03658,서울특별시 은평구 갈현로21길 9 (갈현동),Y,2012.8.6,서울특별시,은평구,갈현로21길
증산동중앙하이츠아파트,122-00792,서울특별시 은평구 증산로 285 (증산동，증산중앙하이츠아파트),Y,2014.6.7,서울특별시,은평구,증산로
증산동중앙하이츠아파트,122-00792,서울특별시 은평구 증산로 285 (증산동，증산중앙하이츠아파트),Y,2012.7.8,서울특별시,은평구,증산로
대조삼성타운아파트,122-00409,서울특별시 은평구 서오릉로 94 (대조동),Y,2013.5.5,서울특별시,은평구,서오릉로
대조삼성타운아파트,122-00411,서울특별시 은평구 서오릉로 94 (대조동),Y,2012.1.14,서울특별시,은평구,서오릉로
파레제페빌딩,122-01813,서울특별시 은평구 통일로 830 (불광동),Y,2011.8.11,서울특별시,은평구,통일로
한신휴플러스아파트,122-01231,서울특별시 은평구 갈현로1길 31 (신사동),Y,2008.4.5,서울특별시,은평구,갈현로1길
한신휴플러스아파트,122-01232,서울특별시 은평구 갈현로1길 31 (신사동),Y,2008.2.7,서울특별시,은평구,갈현로1길
한신휴플러스아파트,122-01231,서울특별시 은평구 갈현로1길 31 (신사동),Y,2008.4.5,서울특별시,은평구,갈현로1길
쉴모텔,122-01043,서울특별시 은평구 통일로82길 6 (불광동),Y,2014.7.9,서울특별시,은평구,통일로82길
쉴모텔,122-01043,서울특별시 은평구 통일로82길 6 (불광동),Y,2012.10.3,서울특별시,은평구,통일로82길
한성교회,122-01917,서울특별시 은평구 응암로20길 23 (응암동),Y,2011.12.25,서울특별시,은평구,응암로20길
예일여자고등학교,122-00937,서울특별시 은평구 연서로 117 (구산동),Y,2014.7.10,서울특별시,은평구,연서로
은평뉴타운상림마을(14단지),122-02256,서울특별시 은평구 진관4로 48-51 (진관동),Y,2013.8.6,서울특별시,은평구,진관4로
디지털미디어시티역(DMC역),122-02736,서울특별시 은평구 수색로 193 (수색동),Y,2010.10.16,서울특별시,은평구,수색로
디지털미디어시티역(DMC역),122-02740,서울특별시 은평구 수색로 193 (수색동),Y,2010.8.5,서울특별시,은평구,수색로
디지털미디어시티역(DMC역),122-02736,서울특별시 은평구 수색로 193 (수색동),Y,2011.3.2,서울특별시,은평구,수색로
디지털미디어시티역(DMC역),122-02736,서울특별시 은평구 수색로 193 (수색동),Y,2011.11.23,서울특별시,은평구,수색로
디지털미디어시티역(DMC역),122-02737,서울특별시 은평구 수색로 193 (수색동),Y,2011.11.3,서울특별시,은평구,수색로
갈현동한솔아파트,122-00399,서울특별시 은평구 갈현로23길 41 (갈현동),Y,2012.9.14,서울특별시,은평구,갈현로23길
백련산힐스테이트2차,122-03579,서울특별시 은평구 백련산로 38 (응암동 백련산힐스테이트2차관리사무소),Y,2012.7.13,서울특별시,은평구,백련산로
이안쉐르빌,122-03250,서울특별시 은평구 가좌로9길 7-1 (응암동),Y,2012.1.13,서울특별시,은평구,가좌로9길
대주피오레아파트,122-01256,서울특별시 은평구 백련산로 6 (응암동),Y,2014.7.21,서울특별시,은평구,백련산로
풍성한알곡교회,122-00361,서울특별시 은평구 갈현로27길 14 (갈현동),Y,2012.2.11,서울특별시,은평구,갈현로27길
정승기정형외과,122-01937,서울특별시 은평구 통일로 710 (불광동),Y,2012.9.18,서울특별시,은평구,통일로
더수빌,122-03717,서울특별시 은평구 불광로 122-9 (불광동),Y,2012.3.10,서울특별시,은평구,불광로
더수빌,122-03717,서울특별시 은평구 불광로 122-9 (불광동),Y,2012.3.10,서울특별시,은평구,불광로
최원호병원,122-03518,서울특별시 은평구 서오릉로 45 (녹번동),Y,2012.10.17,서울특별시,은평구,서오릉로
충남빌딩,122-01289,서울특별시 은평구 연서로29길 8-15 (갈현동),Y,2012.7.27,서울특별시,은평구,연서로29길
경산빌딩,122-00066,서울특별시 은평구 통일로 897 (갈현동),Y,2010.6.14,서울특별시,은평구,통일로
신사미성아파트,122-00805,"서울특별시 은평구 증산로15길 35-8 , 관리사무소 (신사동)",Y,2013.5.11,서울특별시,은평구,증산로15길
정우빌딩,122-01251,서울특별시 은평구 증산로1길 17 (증산동),Y,2011.9.15,서울특별시,은평구,증산로1길
건우오피스텔,122-01069,서울특별시 은평구 은평로9길 8-1 (응암동),Y,2014.6.14,서울특별시,은평구,은평로9길
서광교회,122-02469,서울특별시 은평구 통일로 951 (갈현동),Y,2014.7.20,서울특별시,은평구,통일로
청구성심병원,122-03563,서울특별시 은평구 통일로 873 (갈현동),Y,2012.10.31,서울특별시,은평구,통일로
응암신동아아파트,122-01733,서울특별시 은평구 백련산로 127 (응암동),Y,2010.8.21,서울특별시,은평구,백련산로
동아빌딩,122-00157,서울특별시 은평구 은평로 97 (응암동),Y,2013.3.2,서울특별시,은평구,은평로
(주)메트로백화점,122-00594,서울특별시 은평구 통일로 856 (불광동),Y,2010.10.11,서울특별시,은평구,통일로
(주)메트로백화점,122-00595,서울특별시 은평구 통일로 856 (불광동),Y,2010.8.10,서울특별시,은평구,통일로
(주)메트로백화점,122-00567,서울특별시 은평구 통일로 856 (불광동),Y,2011.1.18,서울특별시,은평구,통일로
녹번2차현대아파트,122-00576,서울특별시 은평구 서오릉로4길 7-8 (녹번동),Y,2011.9.15,서울특별시,은평구,서오릉로4길
티파니모텔,122-00581,서울특별시 은평구 통일로65길 24 (대조동),Y,2012.7.27,서울특별시,은평구,통일로65길
경향렉스빌아파트,122-01461,서울특별시 은평구 은평로 160 (응암동),Y,2011.10.16,서울특별시,은평구,은평로
팜스퀘어,122-01586,서울특별시 은평구 불광로 20 (대조동),Y,2012.11.25,서울특별시,은평구,불광로
삼부아파트(신흥상가),122-00763,서울특별시 은평구 증산로21길 11 (신사동),Y,2010.6.22,서울특별시,은평구,증산로21길
라비앙타워,122-01590,서울특별시 은평구 불광로 60 (불광동),Y,2010.5.27,서울특별시,은평구,불광로
신사두산위브아파트,122-01871,서울특별시 은평구 갈현로1길 36 (신사동),Y,2015.5.28,서울특별시,은평구,갈현로1길
신사두산위브아파트,122-01869,서울특별시 은평구 갈현로1길 36 (신사동),Y,2010.8.1,서울특별시,은평구,갈현로1길
구파발광역환승센터,122-03481,서울특별시 은평구 진관2로 15-40 (진관동),Y,2013.3.25,서울특별시,은평구,진관2로
불광동대호아파트(1차),122-00514,서울특별시 은평구 불광로 98-8 (불광동),Y,2015.11.2,서울특별시,은평구,불광로
불광동대호아파트(1차),122-00515,서울특별시 은평구 불광로 98-8 (불광동),Y,2012.6.26,서울특별시,은평구,불광로
불광동대호아파트(1차),122-00514,서울특별시 은평구 불광로 98-8 (불광동),Y,2012.2.11,서울특별시,은평구,불광로
불광동대호아파트(1차),122-00513,서울특별시 은평구 불광로 98-8 (불광동),Y,2013.1.18,서울특별시,은평구,불광로
불광동대호아파트(1차),122-00512,서울특별시 은평구 불광로 98-8 (불광동),Y,2013.1.18,서울특별시,은평구,불광로
동익파크1차아파트,122-00147,서울특별시 은평구 서오릉로21길 20 (구산동),Y,2014.8.13,서울특별시,은평구,서오릉로21길
삼흥아파트,122-00988,서울특별시 은평구 통일로82가길 2 (불광동),Y,2014.9.16,서울특별시,은평구,통일로82가길
행운아파트,122-00993,서울특별시 은평구 연서로19길 16-7 (갈현동),Y,2013.8.10,서울특별시,은평구,연서로19길
대조동주민센터,122-00886,서울특별시 은평구 연서로20길 24-3 (대조동),Y,2013.8.23,서울특별시,은평구,연서로20길
서울교통공사6호선새절역,122-01472,서울특별시 은평구 증산로 400 (신사동),Y,2012.6.18,서울특별시,은평구,증산로
서울교통공사6호선새절역,122-01472,서울특별시 은평구 증산로 400 (신사동),Y,2012.9.15,서울특별시,은평구,증산로
서울교통공사6호선새절역,122-01472,서울특별시 은평구 증산로 400 (신사동),Y,2011.11.5,서울특별시,은평구,증산로
서울교통공사6호선새절역,122-01472,서울특별시 은평구 증산로 400 (신사동),Y,2011.8.23,서울특별시,은평구,증산로
예청아파트 B동,122-01050,서울특별시 은평구 불광천길 502-1 (응암동),Y,2014.6.10,서울특별시,은평구,불광천길
은평뉴타운 마고정3단지,122-02491,서울특별시 은평구 진관2로 90 (진관동),Y,2012.1.4,서울특별시,은평구,진관2로
응암SH-Ville임대아파트,122-01946,서울특별시 은평구 백련산로 146-30 (응암동，응암 SH-VILLE),Y,2014.8.27,서울특별시,은평구,백련산로
진원 Y-타운,122-02171,서울특별시 은평구 통일로 855-8 (갈현동),Y,2014.7.13,서울특별시,은평구,통일로
은평뉴타운마고정11단지,122-02536,"서울특별시 은평구 진관1로 55 , 은평뉴타운마고정아파트 (진관동)",Y,2014.8.18,서울특별시,은평구,진관1로
금현빌딩,122-00523,서울특별시 은평구 연서로 73 (역촌동),Y,2012.8.6,서울특별시,은평구,연서로
금현빌딩,122-00523,서울특별시 은평구 연서로 73 (역촌동),Y,2011.12.26,서울특별시,은평구,연서로
금현빌딩,122-00523,서울특별시 은평구 연서로 73 (역촌동),Y,2012.12.28,서울특별시,은평구,연서로
금현빌딩,122-00523,서울특별시 은평구 연서로 73 (역촌동),Y,2012.2.5,서울특별시,은평구,연서로
두원빌딩,122-00376,서울특별시 은평구 은평로 46 (신사동),Y,2010.6.6,서울특별시,은평구,은평로
두원빌딩,122-00376,서울특별시 은평구 은평로 46 (신사동),Y,2013.8.9,서울특별시,은평구,은평로
유림빌딩,122-00259,서울특별시 은평구 통일로 626 (녹번동),Y,2014.9.23,서울특별시,은평구,통일로
유림빌딩,122-00259,서울특별시 은평구 통일로 626 (녹번동),Y,2014.9.23,서울특별시,은평구,통일로
경남아너스빌아파트,122-01414,서울특별시 은평구 갈현로11길 46 (구산동),Y,2011.2.17,서울특별시,은평구,갈현로11길
경남아너스빌아파트,122-01436,서울특별시 은평구 갈현로11길 46 (구산동),Y,2013.1.24,서울특별시,은평구,갈현로11길
펜트하우스,122-01606,서울특별시 은평구 통일로72길 31 (불광동),Y,2011.8.14,서울특별시,은평구,통일로72길
연세빌딩,122-01189,서울특별시 은평구 진흥로 143 (대조동),Y,2014.8.7,서울특별시,은평구,진흥로
선일여자고등학교,122-03774,서울특별시 은평구 갈현로29길 27 (갈현동),Y,2012.9.24,서울특별시,은평구,갈현로29길
선일여자고등학교,122-03774,서울특별시 은평구 갈현로29길 27 (갈현동),Y,2012.2.1,서울특별시,은평구,갈현로29길
진성빌딩,122-00256,서울특별시 은평구 응암로21가길 12 (응암동),Y,2011.3.8,서울특별시,은평구,응암로21가길
북한산래미안205동,122-03181,서울특별시 은평구 불광로2길 41 (불광동),Y,2011.9.8,서울특별시,은평구,불광로2길
인락빌딩,122-01911,서울특별시 은평구 연서로29길 8-8 (갈현동),Y,2012.1.30,서울특별시,은평구,연서로29길
수색자이상가2단지,122-02499,"서울특별시 은평구 수색로 217-1 (증산동, DMC 자이2단지내 상가 관리사무소)",Y,2016.8.7,서울특별시,은평구,수색로
불광동현대아파트,122-00220,서울특별시 은평구 불광로20길 9 (불광동),Y,2012.12.25,서울특별시,은평구,불광로20길
성보빌딩,122-03577,서울특별시 은평구 연서로 213 (갈현동),Y,2011.6.13,서울특별시,은평구,연서로
상아아파트,122-00885,서울특별시 은평구 불광천길 526 (응암동),Y,2011.10.16,서울특별시,은평구,불광천길
갈현1동주민센터,122-01621,서울특별시 은평구 갈현로 301 (갈현동),Y,2014.6.18,서울특별시,은평구,갈현로
구파발9단지(제1관리소),122-02982,서울특별시 은평구 진관3로 67 (진관동),Y,2010.11.13,서울특별시,은평구,진관3로
기린빌딩,122-00095,서울특별시 은평구 진흥로 103 (역촌동),Y,2011.4.25,서울특별시,은평구,진흥로
서울교통공사3호선불광역,122-00690,서울특별시 은평구 통일로 지하723-1 (대조동),Y,2014.8.8,서울특별시,은평구,통일로
서연빌딩,122-00061,서울특별시 은평구 통일로 869 (갈현동),Y,2012.3.7,서울특별시,은평구,통일로
서연빌딩,122-00061,서울특별시 은평구 통일로 869 (갈현동),Y,2012.3.7,서울특별시,은평구,통일로
서연빌딩,122-00061,서울특별시 은평구 통일로 869 (갈현동),Y,2012.3.7,서울특별시,은평구,통일로
신사씨티아파트,122-00032,서울특별시 은평구 가좌로 391 (신사동),Y,2008.5.14,서울특별시,은평구,가좌로
조경빌딩,122-00368,서울특별시 은평구 연서로9길 23 (역촌동),Y,2013.7.13,서울특별시,은평구,연서로9길
한국빌딩,122-01823,서울특별시 은평구 갈현로5길 32 (신사동),Y,2014.8.25,서울특별시,은평구,갈현로5길
북한산힐스테이트3차,122-02892,서울특별시 은평구 불광로 122-10 (불광동),Y,2014.7.8,서울특별시,은평구,불광로
북한산힐스테이트3차,122-02950,서울특별시 은평구 불광로 122-10 (불광동),Y,2012.12.9,서울특별시,은평구,불광로
한화63시티/한화생명불광동사옥,122-00291,서울특별시 은평구 통일로 742 (불광동),Y,2014.9.30,서울특별시,은평구,통일로
샤인힐,122-03345,서울특별시 은평구 통일로 855-14 (갈현동),Y,2012.4.27,서울특별시,은평구,통일로
샤인힐,122-03345,서울특별시 은평구 통일로 855-14 (갈현동),Y,2012.9.8,서울특별시,은평구,통일로
미션빌(김영신빌딩),122-01163,서울특별시 은평구 서오릉로7길 9-21 (역촌동),Y,2012.9.13,서울특별시,은평구,서오릉로7길
갈현현대아파트,122-00470,서울특별시 은평구 서오릉로21길 36 (구산동),Y,2016.7.5,서울특별시,은평구,서오릉로21길
백운빌딩,122-03053,서울특별시 은평구 연서로17길 13 (갈현동),Y,2012.2.3,서울특별시,은평구,연서로17길
진엘르빌 ,122-03801,서울특별시 은평구 응암로24길 8 (응암동),Y,2013.5.8,서울특별시,은평구,응암로24길
진엘르빌 ,122-03801,서울특별시 은평구 응암로24길 8 (응암동),Y,2013.6.24,서울특별시,은평구,응암로24길
진엘르빌 ,122-03801,서울특별시 은평구 응암로24길 8 (응암동),Y,2013.9.30,서울특별시,은평구,응암로24길
서울교통공사6호선구산역,122-01762,서울특별시 은평구 연서로 지하 137-1 (구산동),Y,2013.3.28,서울특별시,은평구,연서로
서울교통공사3호선연신내역,122-01307,서울특별시 은평구 통일로 849 (갈현동),Y,2012.4.16,서울특별시,은평구,통일로
서울교통공사3호선연신내역,122-01307,서울특별시 은평구 통일로 849 (갈현동),Y,2012.4.16,서울특별시,은평구,통일로
쉐라톤아파트,122-00339,서울특별시 은평구 연서로43길 21 (불광동),Y,2012.9.7,서울특별시,은평구,연서로43길
수색청구아파트,122-00504,서울특별시 은평구 증산로1길 26 (수색동),Y,2008.8.16,서울특별시,은평구,증산로1길
수색청구아파트,122-00503,서울특별시 은평구 증산로1길 26 (수색동),Y,2008.7.20,서울특별시,은평구,증산로1길
수색청구아파트,122-00503,서울특별시 은평구 증산로1길 26 (수색동),Y,2008.8.2,서울특별시,은평구,증산로1길
남해그린힐아파트,122-00527,서울특별시 은평구 불광로6길 20 (불광동),Y,2013.7.28,서울특별시,은평구,불광로6길
남해그린힐아파트,122-00526,서울특별시 은평구 불광로6길 20 (불광동),Y,2012.8.31,서울특별시,은평구,불광로6길
신사신성아파트,122-00141,서울특별시 은평구 증산로15길 67-7 (신사동),Y,2010.8.22,서울특별시,은평구,증산로15길
동양빌딩,122-00483,서울특별시 은평구 가좌로7길 11 (응암동),Y,2011.12.10,서울특별시,은평구,가좌로7길
서울교통공사3호선녹번역,122-01455,서울특별시 은평구 통일로 지하 602-1 (녹번동),Y,2010.12.4,서울특별시,은평구,통일로
아뜨리에빌,122-02406,서울특별시 은평구 은평로9길 3-5 (응암동),Y,2011.4.30,서울특별시,은평구,은평로9길
서울교통공사6호선연신내역,122-00652,서울특별시 은평구 통일로 849 (갈현동),Y,2010.8.15,서울특별시,은평구,통일로
파로스빌,122-02392,서울특별시 은평구 통일로71가길 12 (대조동),Y,2012.2.28,서울특별시,은평구,통일로71가길
대조동명지타운,122-03666,서울특별시 은평구 통일로73길 3-6 (대조동),Y,2012.8.6,서울특별시,은평구,통일로73길
서북교회,122-01834,서울특별시 은평구 가좌로 305 (신사동),Y,2012.1.3,서울특별시,은평구,가좌로
은평뉴타운폭포동(1관리소),122-02811,서울특별시 은평구 진관1로 77-8 (진관동),Y,2013.4.22,서울특별시,은평구,진관1로
삼익하이빌,122-02299,서울특별시 은평구 증산로21길 38-9 (신사동),Y,2014.9.20,서울특별시,은평구,증산로21길
선진물산,122-02386,서울특별시 은평구 서오릉로 140 (대조동),Y,2011.2.10,서울특별시,은평구,서오릉로
성암교회,122-02411,서울특별시 은평구 서오릉로4길 10 (녹번동),Y,2012.7.21,서울특별시,은평구,서오릉로4길
백련산힐스테이트1차,122-03585,서울특별시 은평구 백련산로2길 19 (응암동，백련산 힐스테이트 1차),Y,2013.7.28,서울특별시,은평구,백련산로2길
불광미성아파트,122-00114,서울특별시 은평구 통일로 780 (불광동),Y,2011.1.8,서울특별시,은평구,통일로
동명빌딩,122-00275,서울특별시 은평구 응암로21길 18-1 (응암동),Y,2011.6.16,서울특별시,은평구,응암로21길
이마트은평점,122-00868,서울특별시 은평구 은평로 111 (응암동),Y,2011.2.22,서울특별시,은평구,은평로
이마트은평점,122-00872,서울특별시 은평구 은평로 111 (응암동),Y,2011.9.27,서울특별시,은평구,은평로
이마트은평점,122-00872,서울특별시 은평구 은평로 111 (응암동),Y,2013.6.7,서울특별시,은평구,은평로
이마트은평점,122-00871,서울특별시 은평구 은평로 111 (응암동),Y,2008.1.24,서울특별시,은평구,은평로
예청아파트 A동,122-01049,서울특별시 은평구 불광천길 502 (응암동),Y,2013.5.13,서울특별시,은평구,불광천길
예청아파트 A동,122-01049,서울특별시 은평구 불광천길 502 (응암동),Y,2012.12.22,서울특별시,은평구,불광천길
초우레디안아파트,122-00890,서울특별시 은평구 녹번로 29-5 (녹번동),Y,2014.7.31,서울특별시,은평구,녹번로
수색대림한숲타운아파트,122-00751,서울특별시 은평구 은평터널로 65 (수색동),Y,2011.10.4,서울특별시,은평구,은평터널로
은평뉴타운마고정2단지아파트,122-02667,서울특별시 은평구 진관2로 60  (진관동),Y,2016.7.25,서울특별시,은평구,진관2로
은평뉴타운마고정2단지아파트,122-02531,서울특별시 은평구 진관2로 60  (진관동),Y,2016.2.2,서울특별시,은평구,진관2로
은평뉴타운마고정2단지아파트,122-02531,서울특별시 은평구 진관2로 60  (진관동),Y,2016.6.21,서울특별시,은평구,진관2로
은평뉴타운마고정2단지아파트,122-02531,서울특별시 은평구 진관2로 60  (진관동),Y,2016.2.8,서울특별시,은평구,진관2로
은평뉴타운마고정2단지아파트,122-02530,서울특별시 은평구 진관2로 60  (진관동),Y,2015.10.22,서울특별시,은평구,진관2로
북한산현대홈타운,122-01338,서울특별시 은평구 불광로2길 16 (불광동),Y,2015.5.25,서울특별시,은평구,불광로2길
은평뉴타운상림마을(13단지),122-02245,서울특별시 은평구 진관4로 48-50 (진관동),Y,2010.10.27,서울특별시,은평구,진관4로
미성빌딩,122-01903,서울특별시 은평구 연서로 93-1 (구산동),Y,2011.9.15,서울특별시,은평구,연서로
퍼스트지력학원,122-01926,서울특별시 은평구 응암로 302-1 (응암동),Y,2012.8.9,서울특별시,은평구,응암로
신풍빌딩,122-01732,서울특별시 은평구 연서로 83 (역촌동),Y,2011.9.15,서울특별시,은평구,연서로
동원F&B,122-03661,서울특별시 은평구 연서로 165 (갈현동),Y,2012.6.16,서울특별시,은평구,연서로
동원F&B,122-03661,서울특별시 은평구 연서로 165 (갈현동),Y,2013.7.13,서울특별시,은평구,연서로
구산동리더스빌2차,122-03802,서울특별시 은평구 갈현로15길 27-3 (구산동),Y,2014.9.14,서울특별시,은평구,갈현로15길
은평뉴타운박석고개12단지1관리소,122-02338,서울특별시 은평구 진관1로 21-9 (진관동),Y,2014.6.23,서울특별시,은평구,진관1로
명남 더블레스,122-02734,서울특별시 은평구 은평로 182-8 (응암동),Y,2014.11.13,서울특별시,은평구,은평로
명남 더블레스,122-02734,서울특별시 은평구 은평로 182-8 (응암동),Y,2014.12.2,서울특별시,은평구,은평로
명남 더블레스,122-02734,서울특별시 은평구 은평로 182-8 (응암동),Y,2014.12.3,서울특별시,은평구,은평로
명남 더블레스,122-02734,서울특별시 은평구 은평로 182-8 (응암동),Y,2014.1.31,서울특별시,은평구,은평로
명남 더블레스,122-02734,서울특별시 은평구 은평로 182-8 (응암동),Y,2012.12.9,서울특별시,은평구,은평로
명남 더블레스,122-02735,서울특별시 은평구 은평로 182-8 (응암동),Y,2012.12.22,서울특별시,은평구,은평로
명남 더블레스,122-02734,서울특별시 은평구 은평로 182-8 (응암동),Y,2012.12.22,서울특별시,은평구,은평로
명남 더블레스,122-02734,서울특별시 은평구 은평로 182-8 (응암동),Y,2013.11.19,서울특별시,은평구,은평로
명남 더블레스,122-02734,서울특별시 은평구 은평로 182-8 (응암동),Y,2013.11.18,서울특별시,은평구,은평로
명남 더블레스,122-02734,서울특별시 은평구 은평로 182-8 (응암동),Y,2011.9.2,서울특별시,은평구,은평로
은빛초등학교,122-03329,서울특별시 은평구 진관3로 73-17 (진관동),Y,2014.7.22,서울특별시,은평구,진관3로
합도산업,122-00461,서울특별시 은평구 응암로22길 22-1 (응암동),Y,2014.7.28,서울특별시,은평구,응암로22길
합도산업,122-00461,서울특별시 은평구 응암로22길 22-1 (응암동),Y,2010.12.27,서울특별시,은평구,응암로22길
녹번대림아파트,122-00233,서울특별시 은평구 통일로 590 (녹번동),Y,2011.10.26,서울특별시,은평구,통일로
영성빌딩,122-00081,서울특별시 은평구 은평터널로 138 (신사동),Y,2013.3.31,서울특별시,은평구,은평터널로
영성빌딩,122-00081,서울특별시 은평구 은평터널로 138 (신사동),Y,2011.6.28,서울특별시,은평구,은평터널로
유니온빌딩,122-00059,서울특별시 은평구 증산로 325 (증산동),Y,2013.9.21,서울특별시,은평구,증산로
은혜스카이빌,122-01417,서울특별시 은평구 불광로13가길 7-3 (불광동),Y,2011.9.14,서울특별시,은평구,불광로13가길
역촌동자유의집,122-01800,서울특별시 은평구 역말로4길 15 (역촌동),Y,2012.7.10,서울특별시,은평구,역말로4길
역촌동자유의집,122-01800,서울특별시 은평구 역말로4길 15 (역촌동),Y,2012.5.13,서울특별시,은평구,역말로4길
갤럭시타운,122-04016,서울특별시 은평구 불광로 40-9 (불광동),Y,2014.6.11,서울특별시,은평구,불광로
동호스카이아파트,122-04007,서울특별시 은평구 연서로34길 42 (불광동),Y,2014.8.29,서울특별시,은평구,연서로34길
불광동롯데캐슬,122-04054,서울특별시 은평구 불광로 64 (불광동，불광 롯데캐슬),Y,2014.7.30,서울특별시,은평구,불광로
경준빌딩(대조리치빌2),122-04041,서울특별시 은평구 통일로 745-1 (대조동),Y,2013.4.2,서울특별시,은평구,통일로
상현빌딩,122-04171,서울특별시 은평구 은평로 170 (응암동),Y,2014.8.19,서울특별시,은평구,은평로
해들목휴먼빌,122-04271,"서울특별시 은평구 갈현로4길 43-12 (역촌동84-34,35)",Y,2015.8.14,서울특별시,은평구,갈현로4길
갈현동첼라넥스빌,122-04238,"서울특별시 은평구 갈현로31길 14-8 (갈현동, 첼라넥스빌)",Y,2015.7.12,서울특별시,은평구,갈현로31길
"더클래스 101,102동",122-04404,"서울특별시 은평구 서오릉로18길 25-4 (갈현동, 더 클래스)",Y,2014.9.10,서울특별시,은평구,서오릉로18길
엘림아너스빌,122-04526,서울특별시 은평구 은평터널로 192-8 (신사동),Y,2015.9.9,서울특별시,은평구,은평터널로
대림에코빌,122-04852,서울특별시 은평구 녹번로1길 23-9  (녹번동),Y,2016.9.27,서울특별시,은평구,녹번로1길
롯데몰 은평점,122-05222,서울특별시 은평구 통일로 1050  (진관동),Y,2017.7.2,서울특별시,은평구,통일로